Enrollment,Name,Date,Time
12,harou,03/02/2024,11:05:45

123,haroun,2024-02-10,11:42:18

12,nam4,2024-02-18,09:07:00
12,nam4,2024-02-18,09:10:53
100,JOSEPHINE,2024-02-19,13:09:54
100,JOSEPHINE,2024-02-19,13:10:33
100,haroun,2024-02-19,13:20:16
100,haroun,2024-02-19,13:20:29
11,D,2024-02-19,13:46:11
1234,milly,2024-03-04,16:33:29
122,haroun,2024-03-06,11:54:12
12,haroun,2024-03-13,06:31:51
1234,allan,2024-03-13,16:46:45
1234,allan,2024-03-13,16:46:50
233,haroun,2024-03-15,15:01:47
